<?xml version="1.0" encoding="UTF-8"?>
<beans:beans xmlns="http://www.springframework.org/schema/mvc"
			 xmlns:xsi="http://www.w3.org/2001/XMLSchema-instance"
			 xmlns:beans="http://www.springframework.org/schema/beans"
			 xmlns:context="http://www.springframework.org/schema/context"
			 xsi:schemaLocation="http://www.springframework.org/schema/mvc
			 					 http://www.springframework.org/schema/mvc/spring-mvc.xsd
			 					 http://www.springframework.org/schema/beans
			 					 http://www.springframework.org/schema/beans/spring-beans.xsd
			 					 http://www.springframework.org/schema/context
			 					 http://www.springframework.org/schema/context/spring-context.xsd">
	
<annotation-driven/>	

<context:component-scan base-package="kr.hs.study.controller" />	
	 
<beans:bean class="org.springframework.web.servlet.view.InternalResourceViewResolver">
		<beans:property name="prefix" value="/WEB-INF/views/"/>
		<beans:property name="suffix" value=".jsp"/>
	</beans:bean>
<resources mapping="/**" location="/resources/"/> 

<!-- properties 파일의 내용을 사용할 수 있도록 Bean을 정의한다 -->
	<beans:bean class='org.springframework.beans.factory.config.PropertyPlaceholderConfigurer'>
		<beans:property name="location">
			<beans:value>/WEB-INF/properties/db.properties</beans:value>
		</beans:property>
	</beans:bean>
	
	<beans:bean class='org.apache.commons.dbcp2.BasicDataSource' id='basic_data_source'>
		<beans:property name='driverClassName' value='${db.classname}'/>
		<beans:property name="url" value="${db.url}"/>
		<beans:property name="username" value='${db.username}'/>
		<beans:property name="password" value='${db.password}'/>
	</beans:bean>
	
	<beans:bean class='org.mybatis.spring.SqlSessionFactoryBean' id='sqlSession'>
		<beans:property name="dataSource" ref='basic_data_source'/>
		<beans:property name="mapperLocations" value='classpath*:mapper/**/*.xml '/>
	</beans:bean>
	
	<beans:bean class='org.mybatis.spring.SqlSessionTemplate' id='sqlSessionTemplate'>
		<beans:constructor-arg index='0' ref='sqlSession'/>
	</beans:bean>
			 
</beans:beans>